id,¸g«×,½n«×
D2041,121.726115,25.103848
D2042,121.7669177,25.15123153
D2044,121.7660749,25.14378448
D2045,121.6357883,25.22249107
D2046,121.687046,25.184311
D2047,121.7043743,25.0837668
D2048,121.7940777,25.11074408
D2049,121.737316,25.12729432
D2050,121.7326911,25.13628022
D2052,121.4948211,25.25976555
D2053,121.7189095,25.12630241
D2054,121.9296556,25.06333637
D2055,121.828867,25.121539
D2056,121.748728,25.098398
D2057,121.7742745,25.15112726
D2058,121.7002994,25.14848305
D2059,121.7230964,25.10364132
D2060,121.6742022,25.07456263
D2061,121.7587217,25.12802319
D2090,121.737316,25.12729432
D2140,121.539586,25.046395
D2141,121.472273,25.046759
D2142,121.502159,25.119321
D2144,121.555867,25.027629
D2146,121.640027,25.060053
D2147,121.511817,25.084904
D2149,121.514467,25.062896
D214F,121.489617,25.05887
D214G,121.527661,25.092425
D214H,121.466298,25.127102
D214J,121.548888,24.97733
D214K,121.535284,25.025767
D214L,121.511321,25.108077
D214M,121.567186,25.041486
D214N,121.70496,24.935678
D214R,121.584105,25.068515
D214T,121.423044,25.158784
D214X,121.560009,25.085069
D214Z,121.44529,25.03476
D2150,121.564139,24.988543
D2151,121.539447,25.004461
D2152,121.507848,24.999509
D2153,121.445398,25.168691
D2154,121.527114,25.031435
D2156,121.545932,25.135436
D2157,121.54435,25.04952
D2158,121.42666,25.064094
D2159,121.533138,25.038461
D215A,121.547509,24.916361
D215E,121.396941,25.077932
D215H,121.4635263,25.0092684
D215J,121.604512,25.054073
D215K,121.473083,25.085511
D215L,121.491902,25.032864
D215M,121.377881,24.930838
D215N,121.352078,24.950402
D215R,121.541866,24.96845
D215T,121.507282,25.031386
D215V,121.438628,25.051765
D215W,121.611912,25.067566
D215X,121.459994,25.03995
D215Y,121.340808,24.95297
D215Z,121.415553,25.008812
D2160,121.430469,24.999458
D2161,121.467907,25.043911
D2162,121.503339,25.038303
D2163,121.555454,25.032927
D2164,121.525805,25.020763
D2165,121.5636,25.059514
D2167,121.577674,25.039659
D2168,121.526202,25.087508
D2169,121.556908,25.019113
D216A,121.53015,25.050881
D216F,121.519641,25.004903
D216H,121.468878,25.077184
D216J,121.366117,24.914911
D216K,121.456132,25.06455
D216L,121.550696,25.084277
D216R,121.480653,25.01939
D216U,121.57107,25.081338
D216V,121.446519,25.192243
D216Y,121.606443,25.064239
D2170,121.438794,25.082591
D2171,121.492782,25.071897
D2172,121.528026,25.056557
D2173,121.456038,24.996152
D2174,121.440699,24.974145
D2176,121.558163,25.049447
D2177,121.542274,24.97855
D2178,121.523868,25.046176
D2179,121.483598,25.005234
D217F,121.534018,24.980617
D217J,121.461518,25.093421
D217K,121.553378,25.072617
D234C,121.2846443,24.98818646
D234D,121.2999994,24.99197628
D234F,121.3990998,25.01608211
D234G,121.3703158,25.06146585
D234H,121.3465733,24.99989412
D234M,121.2912812,25.04925427
D234N,121.3204947,24.9995372
D234T,121.2502752,25.0898115
D234U,121.2276842,25.07187589
D234V,121.1992956,25.06337614
D234W,121.2635431,25.02114892
D234X,121.3104362,25.01032013
D234Y,121.2109461,24.9481769
D234Z,121.1746299,24.91183012
D235C,121.1598176,24.90873472
D235D,121.2128887,24.92703993
D235E,121.2127845,24.88945233
D235F,121.1411083,25.00958578
D235G,121.1093116,24.97165419
D235H,121.0851852,25.03489185
D235J,121.2171955,24.86759744
D235K,121.0928517,24.93387204
D235L,121.3051554,24.98017609
D235M,121.2709256,24.93283187
D235N,121.2698461,24.97722599
D235P,121.1720905,24.9237666
D235Q,121.2382133,24.96518756
D235R,121.2470161,24.97997825
D235T,121.2322341,24.96328915
D235U,121.2297936,24.94456322
D235V,121.2796532,24.8857712
D235X,121.2850286,24.84661588
D235Y,121.3406492,24.82543062
D235Z,121.086473,25.025339
D237P,121.2469917,25.10353258
D237V,121.1929496,24.9583306
D237W,121.2021226,25.06463132
D237X,121.2086507,25.07866814
D237Y,121.1342583,24.90627192
D237Z,121.1977436,25.0714581
D2386,121.2516071,25.00382258
D239A,121.2569681,25.114414
D4140,120.553656,24.08451256
D4141,120.6667566,24.1279499
D4142,120.6856873,24.15429328
D4143,120.6867435,23.98475534
D4144,120.7074263,24.22620664
D4145,120.6317116,24.35485345
D4146,121.24641,24.254661
D4147,120.5713065,23.97170842
D4148,120.3735047,23.90255129
D4149,120.8243167,24.26140643
D414A,120.5454732,24.19061975
D414E,120.9721489,23.9686819
D414F,120.5699222,24.09519744
D414G,120.6898057,23.99954566
D414H,120.795373,23.675735
D414J,120.540193,24.28965441
D414K,120.6276894,24.01825865
D414L,120.5439882,24.15893697
D414M,120.6919634,23.92589368
D414N,120.82747,24.02391721
D414R,121.1322828,24.02235565
D414T,120.5027447,24.10688572
D414U,120.6944333,24.16118438
D414V,120.6595396,24.32611681
D414W,120.7508288,23.74873484
D414X,120.5726069,24.23174497
D414Y,120.6148542,24.18293842
D414Z,120.5837392,23.90462943
D4150,120.9616648,23.96789418
D4151,120.6892981,24.11720174
D4152,120.4798863,23.96780366
D4153,120.6893749,23.76051715
D4154,120.578385,24.27760585
D4155,120.8580298,23.80847458
D4156,120.5439417,24.07460486
D4157,120.4890417,23.85201537
D4159,120.5910004,23.85004475
D415A,120.586023,24.34702863
D415E,120.4652316,23.90422349
D415F,120.8227661,24.31035436
D415G,120.5268601,23.8903059
D415H,120.6420649,24.3659749
D415J,120.7194857,23.89379534
D415K,120.3272931,23.91960659
D415L,120.7112842,24.1264143
D415M,120.6439044,24.171294
D415N,120.9295851,23.90198614
D415R,120.6500604,24.1627629
D415T,120.7755944,23.82600124
D415U,120.6679702,24.1464553
D415V,120.6484843,24.21794278
D415W,120.4864755,24.15978159
D415X,120.5319486,24.26073821
D415Y,120.853502,23.708156
D415Z,120.9896065,24.18647776
D4160,120.5446995,23.91523353
D4161,120.6984164,24.06094255
D4162,120.7239625,24.31555308
D4163,120.5399926,24.02533066
D4164,120.6769984,24.15617783
D4165,120.5199145,23.87684283
D4166,120.5244344,24.06626397
D4167,120.7011122,24.17942333
D4168,120.7020068,23.83707886
D4169,120.683963,23.90981079
D416A,120.3256961,23.85929776
D416E,120.6743839,24.17404632
D416F,120.6906028,24.1709881
D416G,120.6665833,24.11932715
D416H,120.62025,23.80572267
D416J,120.7280897,24.17687026
D416K,120.652779,24.15104329
D416L,120.5827586,24.18782772
D416M,120.6950337,24.06123148
D416N,120.460526,24.00499095
D416R,120.781697,24.274657
D416T,120.5792159,23.95765884
D416U,120.8087334,24.25014047
D416V,120.6413094,24.14136295
D416W,120.688911,24.181824
D416X,120.7210732,24.12010344
D416Y,120.6558577,23.91961952
D416Z,120.7107075,23.77612434
D4170,120.6339486,24.10605362
D4171,120.6691472,24.12887989
D4172,120.6830332,24.14665216
D4173,120.4452752,24.04771027
D4174,120.9170307,23.87201521
D4175,120.7202366,24.2629218
D4176,120.7344676,24.25967949
D4177,120.5016078,24.03626792
D4178,120.6896988,23.90955052
D4179,120.6937247,24.13330887
D417A,120.5568635,23.95463284
D417E,120.5810206,23.92441127
D417J,120.5631816,23.9462084
D417M,120.6083997,24.15534117
D417N,120.593393,23.86254724
D417R,120.5595332,24.27115731
D417T,120.6658199,23.93657061
D417U,120.5945632,24.1122472
D417V,120.5734576,24.11959374
D417W,120.552828,24.084361
D4180,120.6964215,24.24862476
D4184,120.6000754,24.2796158
D4185,120.4970219,23.88368246
D4187,120.7102019,23.89900963
D4240,120.9741088,24.80341071
D4241,121.1305211,24.72611651
D4242,121.0964886,24.72247273
D4243,121.0047409,24.77953408
D4244,120.9786983,24.80664501
D4245,120.9866263,24.76304574
D4246,121.1798886,24.79343146
D4247,121.0148925,24.82363899
D4248,121.005307,24.84126329
D4249,121.0549917,24.87830028
D4250,121.2753424,24.65745311
D4251,120.9898463,24.80036238
D4252,121.0686349,24.8275329
D4253,120.9269785,24.78777163
D4254,121.0479129,24.89654685
D4255,121.0128607,24.78492418
D4256,121.0010526,24.8733693
D4257,121.0042565,24.79093719
D4258,121.092215,24.737217
D4259,121.0258064,24.68746588
D4260,120.9799864,24.91110699
D4261,121.0772869,24.77783109
D4262,120.9609241,24.80532213
D4265,121.0669835,24.70852898
D4266,120.9283414,24.84550202
D426A,120.9199029,24.53996462
D426C,120.6901812,24.49574663
D426E,120.792574,24.61632414
D426F,120.8256512,24.57023351
D426G,120.8217247,24.56002187
D426H,120.8246541,24.57105514
D426J,120.7578566,24.5691882
D426K,120.8250179,24.5115723
D426L,120.7879954,24.49028326
D426M,120.6799709,24.49313146
D426N,120.68155,24.418837
D426P,120.8923276,24.68289278
D426R,120.6496232,24.43911601
D426T,120.7702441,24.41208351
D426U,120.8677404,24.42824003
D426V,120.8848959,24.67895605
D426W,120.9127167,24.69053464
D426X,120.8955683,24.67631837
D426Y,120.8953113,24.67655312
D426Z,120.8723561,24.68366074
D4273,121.0489642,24.87756897
D4275,121.0995167,24.72437143
D4278,120.9582174,24.7604655
D427A,120.8831192,24.68468047
D427E,120.891874,24.614321
D427F,120.954647,24.64808926
D427G,120.998859,24.59994587
D427H,120.856577,24.577835
D4285,120.821011,24.521247
D4290,120.9237884,24.8198989
D4340,120.4526429,23.49028658
D4341,120.3252014,23.31013118
D4342,120.527747,23.700805
D4343,120.429108,23.46923009
D4344,120.466343,23.79863
D4345,120.446618,23.70916
D4346,120.4541854,23.46921035
D4347,120.2662411,23.31475972
D4348,120.4107401,23.34340622
D4349,120.298864,23.574971
D434A,120.5446883,23.58993945
D434E,120.3390293,23.45261422
D434F,120.258062,23.512943
D434G,120.293126,23.49568562
D434H,120.16703,23.37954
D434J,120.374052,23.791333
D434K,120.2551154,23.46585852
D434L,120.4340119,23.46774923
D434M,120.151564,23.657222
D434R,120.318995,23.408392
D434T,120.316563,23.701717
D434U,120.461359,23.61006
D434V,120.55717,23.712665
D434W,120.46322,23.677837
D434X,120.4071143,23.32976087
D434Y,120.269109,23.677616
D434Z,120.433045,23.49208536
D4350,120.4499427,23.59888565
D4351,120.481141,23.679972
D4352,120.2422372,23.4609328
D4353,120.4335679,23.55100401
D4354,120.3127931,23.29208487
D4355,120.497599,23.76018
D4356,120.393203,23.678761
D4357,120.359761,23.761093
D4358,120.3600966,23.3632865
D4359,120.3889139,23.41979729
D435A,120.2496876,23.57208721
D435F,120.4261245,23.5550398
D435G,120.598675,23.301548
D435H,120.537584,23.471132
D435J,120.479179,23.775311
D435K,120.365319,23.704207
D435L,120.301815,23.585503
D435M,120.4155426,23.43462688
D435R,120.689243,23.464477
D435U,120.454922,23.528143
D4360,120.346998,23.550934
D4361,120.249282,23.33911775
D4362,120.610784,23.752305
D4363,120.4500468,23.47464765
D4364,120.436036,23.707215
D4365,120.4153219,23.77092917
D4366,120.4595543,23.48233105
D4367,120.220576,23.637477
D4368,120.4437917,23.48129379
D4369,120.3159043,23.30700935
D436A,119.5662886,23.5652193
D436E,119.562886,23.659534
D436F,119.654973,23.584003
D436H,119.422052,23.194652
D436J,119.511304,23.603625
D436K,119.507498,23.362355
D436L,119.48307,23.563878
D4370,120.2613646,23.75039559
D4371,120.1918861,23.70098002
D4372,120.3132619,23.6469373
D4373,120.560551,23.649232
D4374,120.54805,23.515982
D4375,120.4354153,23.64659212
D4376,120.1849713,23.58226644
D4377,120.153313,23.45909
D4378,120.4005608,23.60230336
D4379,120.520131,23.425017
D4380,120.313325,23.340216
D4382,120.4752364,23.6931979
D4384,120.294059,23.306724
D4387,120.398987,23.284977
D438F,120.4081704,23.55886634
D4390,120.2720815,23.78950852
D4397,120.298691,23.459281
D4398,120.472394,23.458922
D439L,120.428692,23.345241
D43W2,120.5247924,23.72409591
D43W4,120.400393,23.488179
D43W5,120.4019039,23.48707174
D43W7,120.260043,23.465591
D43W8,120.537117,23.590814
D43X5,120.792747,23.504103
D43X6,120.306529,23.318873
D43X7,120.545111,23.61
D43X8,120.40981,23.488624
D504B,120.2168223,22.96428967
D504C,120.1779554,23.16528072
D504D,120.1978045,22.9851226
D504I,120.215279,23.01760047
D504P,120.2567102,22.86621407
D504Q,120.3164196,23.19936335
D504S,120.3009534,23.03594838
D505B,120.2473717,23.18356501
D505C,120.2549201,23.04183662
D505D,120.1826437,23.22953288
D505E,120.2152638,23.00464302
D505I,120.2484394,22.99844777
D505N,120.3275223,23.14442138
D505P,120.1908996,22.99204829
D505Q,120.4175831,23.06129819
D505S,120.2260906,22.98252332
D505V,120.2262466,22.97715971
D505W,120.2262661,22.97778276
D505X,120.3230486,23.2152379
D505Y,120.3637107,22.96468764
D505Z,120.1839045,23.15186239
D506B,120.2517699,22.87874798
D506C,120.1602245,23.05380409
D506G,120.1895461,23.24412111
D506I,120.2298377,22.97299919
D506M,120.1810982,22.99005711
D506N,120.187021,22.987301
D506P,120.2917844,23.13234838
D506Q,120.272199,23.23982232
D506R,120.1935903,23.00430134
D506S,120.2042793,23.11631231
D506T,120.2201384,22.98636092
D506U,120.2282606,22.90718106
D506V,120.3263069,22.87330636
D506W,120.255542,22.97100618
D506X,120.4653252,23.12071722
D506Y,120.3249112,22.96052445
D506Z,120.173293,22.996987
D507A,120.1742582,22.98382145
D507B,120.1857853,22.92912466
D507C,120.2101396,22.96905733
D507D,120.2882072,23.09729412
D507E,120.215169,23.195164
D507F,120.1800628,22.94620004
D507G,120.1912452,22.99681588
D507H,120.2090549,22.99792501
D507I,120.1332733,23.24139841
D507J,120.218508,23.05800266
D507K,120.4787687,23.04375047
D507L,120.3414819,23.23313739
D507M,120.1347082,23.13672821
D507N,120.21405,22.97505301
D507P,120.4881135,23.17033032
D507Q,120.1835475,22.972937
D507R,120.299851,23.07341521
D507S,120.1589712,23.20394067
D507T,120.2828459,22.96787281
D507U,120.3547231,23.12134474
D507V,120.3509145,23.10580931
D507W,120.5816976,23.07604293
D507X,120.196258,23.042791
D507Y,120.2353437,23.11263884
D507Z,120.1840098,22.90688924
D5094,120.3577355,23.21240958
D509B,120.1665839,22.98681455
D509C,120.1601305,22.99181583
D509D,120.265324,22.905737
D509F,120.266891,22.906024
D509G,120.247784,23.042314
D50W1,120.277709,22.928948
D50W6,120.2938501,23.10543039
D50W9,120.1703215,23.00108613
D5140,120.311102,22.637657
D5141,120.29136,22.627646
D5142,120.4785396,22.67141139
D5143,120.5937263,22.37333917
D5144,120.295508,22.635245
D5145,120.2977588,22.78227777
D5146,120.3096538,22.7161679
D5147,120.2863168,22.67098129
D5148,120.3252379,22.72059867
D5149,120.5096531,22.66106669
D514A,120.317079,22.630549
D514E,120.276931,22.64794
D514F,120.305089,22.614494
D514G,120.395029,22.512081
D514H,120.4924654,22.67364186
D514J,120.295639,22.630709
D514K,120.324784,22.650289
D514L,120.3546518,22.61808618
D514M,120.4942916,22.6849567
D514N,120.6014805,22.83061659
D514R,120.311586,22.642602
D514T,120.370953,22.543147
D514U,120.57022,22.75292628
D514V,120.5644742,22.57055158
D514W,120.5445546,22.41720122
D514X,120.5006734,22.48854636
D514Y,120.395458,22.608385
D514Z,120.362864,22.637798
D5150,120.5569878,22.61992575
D5151,120.4824116,22.88483352
D5152,120.5401954,22.55714641
D5153,120.306001,22.59222
D5154,120.294242,22.623994
D5155,120.363397,22.620448
D5156,120.4881798,22.6798233
D5157,120.4551575,22.47171692
D5158,120.290822,22.601152
D5159,120.5468424,22.89408145
D515A,120.305722,22.623142
D515E,120.336707,22.605097
D515F,120.3627119,22.78675791
D515G,120.242753,22.81319502
D515H,120.385995,22.500524
D515J,120.4337228,22.69731457
D515K,120.6369828,22.70355976
D515L,120.2624963,22.7601124
D515M,120.285101,22.591468
D515N,120.5339126,22.96685807
D515R,120.5135224,22.68494553
D515U,120.4598015,22.53737535
D515V,120.555223,22.54555
D515W,120.5199859,22.571881
D515X,120.311408,22.619775
D515Y,120.313699,22.609717
D515Z,120.8108529,22.00504525
D5160,120.4942714,22.77504651
D5161,120.743684,22.00912309
D5162,120.291257,22.606068
D5163,120.4887535,22.59324583
D5164,120.3079581,22.76274081
D5165,120.342758,22.62851
D5166,120.310391,22.630663
D5167,120.326815,22.621696
D5168,120.301198,22.621933
D5169,120.285967,22.620733
D516A,120.318607,22.578689
D516E,120.5282109,22.64884607
D516F,120.334578,22.640599
D516G,120.4349755,22.77366729
D516K,120.3217218,22.65721986
D516L,120.7927515,21.9459957
D516N,120.292798,22.7086986
D516R,120.4611197,22.94031866
D516T,120.4947196,22.65300791
D516U,120.4887766,22.72030693
D516V,120.274896,22.621942
D516W,120.3015455,22.72271831
D516X,120.5204389,22.52086078
D516Y,120.2536749,22.72425067
D5170,120.6892666,22.19929458
D5171,120.3301,22.632662
D5173,120.4879342,22.66201575
D5174,120.311693,22.623026
D5175,120.5482068,22.46989996
D5176,120.3441977,22.70343144
D5177,120.425377,22.648106
D5178,120.343758,22.568113
D5179,120.6356888,22.99225713
D517A,120.3706928,22.33706338
D517E,120.2290036,22.80036993
D517F,120.317797,22.568372
D517K,120.4654819,22.65530432
D517L,120.3027069,22.70477374
D517M,120.538939,22.491695
D517N,120.349594,22.524534
D517R,120.319007,22.578547
D5180,120.328975,22.7221354
D6140,121.6310025,23.99719067
D6141,121.5973833,23.97487997
D6142,121.312511,23.33336157
D6143,121.6226881,24.1541914
D6144,121.4246794,23.66761546
D6145,121.4463,23.74076333
D6146,121.5899921,23.96436929
D6147,121.3760974,23.49100905
D6148,121.5195729,23.602651
D6149,121.5134697,23.87374084
D6150,121.6034785,24.03999701
D6151,121.5947829,23.99590206
D6152,121.34213,24.184976
D6153,121.7410981,24.31939119
D6154,121.3580231,23.38155641
D6155,121.4217266,23.67414318
D615A,121.3088639,23.27057701
D615B,121.591897,23.981427
D615C,121.5129,23.877903
D6160,121.769252,24.697504
D6161,121.756878,24.770433
D6162,121.847034,24.596067
D6163,121.768663,24.668332
D6164,121.777637,24.830188
D6165,121.731029,24.747676
D6166,121.828684,24.864472
D6167,121.657723,24.667351
D6168,121.78273,24.74752
D6169,121.834686,24.625591
D616A,121.927964,24.971912
D616B,121.867812,24.582428
D616C,121.827074,24.68052
D616D,121.787005,24.641579
D616E,121.814977,24.789796
D616F,121.604444,24.671239
D616G,121.87081,24.905805
D616H,121.379105,24.438953
D616I,121.771926,24.666551
D6170,121.137729,22.766455
D6171,121.1480402,22.75288979
D6172,121.3787581,23.10223685
D6173,121.162532,23.043506
D6174,121.2127466,23.1207142
D6175,121.006926,22.612951
D6176,121.4584836,23.32143533
D6177,120.8950079,22.34174531
D6178,121.042114,22.709845
D6179,121.137354,22.915858
D617A,121.127631,22.739375
D617B,121.300107,22.966044
D617C,121.2523061,23.18278678
D617D,121.1268492,22.7771175
D617E,121.4748099,22.66066644
D617F,121.0923025,22.85260603
D617G,121.287039,23.004106
D617H,121.509816,22.055693
D617J,121.085982,22.902537
AA6212A03,121.131802,22.741134
AA6212A06,121.121174,22.768814
AA6212A08,120.886886,22.294666
AA6212A09,121.367785,23.100533
AA6212A10,121.046813,22.691124
AA6212A13,121.076906,22.771687
AA6212A14,121.093729,22.801998
AA6212A15,121.388342,23.114569
AA6212A16,121.225553,22.87074
AA6212A17,121.177029,22.778749
AA6212A19,121.459161,23.323929
AA6212A21,121.11899,22.727865
AA6212A24,121.149405,22.751844
AA6212A27,121.312104,22.98768
AA6212A28,121.048441,22.693237
AA6212A29,121.176075,23.096699
AA6212A30,121.089475,22.81266
AA6212A31,120.959587,22.531713
AA6212A32,121.098297,22.77384
AA6212A33,121.128608,22.775278
AA6212A35,121.138883,22.982499
AA6212A36,121.232503,22.880819
CC6212A01,120.675315,24.126285
CC6212A03,120.935695,23.965226
CC6212A04,120.695935,24.020043
CC6212A10,120.671006,23.988424
CC6212A14,120.491459,23.954813
CC6212A15,120.735473,23.983449
CC6212A18,120.581641,24.21122
CC6212A19,120.643766,23.970529
CC6212A23,120.438502,23.952548
CC6212A26,120.840254,24.190635
CC6212A29,120.429479,23.858146
CC6212A30,120.340301,23.964872
CC6212A31,120.428438,24.045587
CC6212A32,120.413471,24.029513
CC6212A33,120.465667,23.905211
CC6212A36,120.657517,24.146861
CC6212A43,120.587627,23.872608
CC6212A45,120.7129763,23.7989919
CC6212A46,120.427623,23.896932
CC6212A47,120.440444,24.073072
CC6212A49,120.479513,24.001426
CC6212A52,120.707428,23.97796
CC6212A54,120.576174,23.941968
CC6212A59,120.681876,24.162992
CC6212A60,120.522664,23.949734
CC6212A63,120.721309,24.272264
CC6212A64,120.815733,24.260292
CC6212A66,120.544696,24.021144
CC6212A67,120.629288,23.856013
CC6212A70,120.657144,24.134156
CC6212A73,120.575493,24.278866
CC6212A76,120.485805,24.159891
CC6212A80,120.530947,24.106133
CC6212A82,120.658914,24.156271
CC6212A83,120.535297,24.036073
CC6212A84,120.602283,24.248901
CC6212A87,120.723047,24.213793
CC6212A90,120.49574,24.173903
CC6212A92,120.731166,24.150209
CC6212A96,120.655334,24.115423
CC6212A97,120.715922,24.1336399
CC6212B03,120.651961,23.9773459
CC6212B04,120.6521959,23.9740664
CC6212B05,120.724184,24.225794
CC6212B06,120.696402,24.135166
CC6212B08,120.683799,24.097944
CC6212B09,120.473741,24.048845
CC6212B10,120.840701,24.028043
CC6212B11,120.671138,24.256277
CC6212B13,120.706476,24.0953079
CC6212B21,120.638455,24.341691
CC6212B24,120.530791,24.237735
CC6212B27,120.517992,24.10251
CC6212B28,120.710869,24.237368
CC6212B32,120.876621,24.064589
CC6212B37,120.601051,24.182731
CC6212B42,120.582522,24.24438
CC6212B44,120.8544781,23.8070127
CC6212B47,120.538924,23.831612
CC6212B48,120.580831,24.1984
CC6212B50,120.6901547,24.0757621
CC6212B51,120.639363,23.8331071
CC6212B55,120.641995,24.146772
CC6212B56,120.701413,24.142645
CC6212B57,120.689245,24.133987
CC6212B59,120.733924,24.1342279
CC6212B60,120.612174,24.154595
CC6212B61,120.702093,24.14039
CC6212B62,120.565413,24.014456
CC6212B64,120.618963,24.166172
CC6212B65,120.667027,24.132993
CC6212B66,120.645289,24.172045
CC6212B70,120.732608,24.137797
CC6212B71,120.888281,23.628877
CC6212B72,120.850446,23.811246
CC6212B77,120.694374,24.215726
CC6212B79,120.570821,23.849168
CC6212B82,120.688866,23.9948719
CC6212B83,120.697184,24.083249
CC6212B87,120.691767,24.215995
CC6212B94,120.665253,24.1838839
CC6212B97,120.545788,24.22836
CC6212B98,120.680016,23.9751739
CC6212C01,120.716086,24.296585
CC6212C02,120.6144593,24.1389953
CC6212C03,120.529273,24.08132
CC6212C08,120.61466,24.139346
CC6212C10,120.672162,23.976886
CC6212C11,120.630042,24.123068
CC6212C13,120.546308,24.231775
CC6212C15,120.684664,23.9888709
CC6212C17,120.694396,24.1648329
CC6212C20,120.630655,24.015509
CC6212C22,120.6019555,24.160817
CC6212C25,120.706444,24.111705
CC6212C26,120.553987,24.132572
CC6212C27,120.722355,24.134202
CC6212C28,120.722339,24.134163
CC6212C29,120.661785,24.119764
CC6212C33,120.837244,24.228338
CC6212C35,120.564995,24.240581
CC6212C42,120.695425,24.096516
CC6212C44,120.611907,24.136067
CC6212C45,120.694427,24.095497
CC6212C46,120.702522,24.262493
CC6212C49,120.590674,24.184435
CC6212C50,120.385346,23.898914
CC6212C51,120.682703,23.96987
CC6212C54,120.620667,24.356187
CC6212C57,120.556229,23.936325
CC6212C58,120.582917,23.909075
CC6212C59,120.550259,23.991864
CC6212C60,120.485537,23.948302
CC6212C64,120.647129,24.396415
CC6212C65,120.687647,24.085211
CC6212C68,120.554116,23.953935
CC6212C73,120.421132,24.039532
CC6212C75,120.699148,24.248779
CC6212C80,120.709493,23.832836
CC6212C81,120.542878,24.290993
CC6212C82,120.675545,24.159534
CC6212C86,120.617394,24.342209
CC6212C87,120.696911,24.241579
CC6212C94,120.715531,24.076711
CC6212D01,120.693088,23.8641391
CC6212D06,120.689235,24.076451
CC6212D07,120.569104,24.238869
CC6212D08,120.717478,23.807423
CC6212D09,120.564587,24.240254
CC6212D13,120.436233,24.036308
CC6212D19,120.508207,24.04643
CC6212D20,120.714496,23.805131
CC6212D25,120.538486,24.202331
CC6212D26,120.540377,24.209781
CC6212D27,120.735408,23.98341
CC6212D29,120.670491,24.201689
CC6212D36,120.852031,24.036431
CC6212D38,120.552946,24.01032
CC6212D43,120.642548,24.198533
CC6212D47,120.686939,24.102284
CC6212D48,120.716287,24.094846
CC6212D49,120.821253,24.310134
CC6212D50,120.622534,24.150435
CC6212D51,120.692876,23.8719451
CC6212D52,120.712484,24.157674
CC6212D53,120.666849,24.162769
CC6212D54,120.686515,24.194789
CC6212D55,120.655214,24.200103
CC6212D56,120.552539,23.924547
CC6212D58,120.623156,24.192778
CC6212D61,120.702333,24.237508
CC6212D62,120.72379,24.297898
CC6212D63,120.365052,23.895216
CC6212D67,120.691111,23.8848831
CC6212D69,120.466831,24.139504
CC6212D75,120.607519,24.127069
CC6212D76,120.508148,24.146558
CC6212D77,120.696257,23.762434
CC6212D78,120.549803,24.017523
CC6212D82,120.72251,24.301807
CC6212D85,120.456451,24.107
CC6212D86,120.582407,24.168185
CC6212D87,120.686343,24.205466
CC6212D89,120.67307,23.9562893
CC6212D91,120.604337,24.175122
CC6212D94,120.61542,24.412497
CC6212D99,120.574664,24.119709
CC6212E02,120.628193,24.162593
CC6212E03,120.527304,24.243409
CC6212E04,120.463629,23.827593
CC6212E05,120.675786,24.142167
CC6212E06,120.674386,24.115054
CC6212E07,120.618553,24.187968
CC6212E08,120.691268,24.232075
CC6212E10,120.688189,24.101197
CC6212E11,120.710278,23.79371
CC6212E14,120.37466,23.903195
CC6212E15,120.695543,24.313741
CC6212E16,120.6858,24.314902
CC6212E17,120.417817,23.954886
CC6212E19,120.480677,23.95268
CC6212E22,120.54218,24.095105
CC6212E24,120.632442,24.180275
CC6212E25,120.674254,23.927013
CC6212E27,120.702431,24.197304
CC6212E29,120.661108,24.340024
CC6212E30,120.662295,24.072636
CC6212E32,120.655873,24.087902
CC6212E33,120.490006,23.968774
CC6212E34,120.52672,24.223015
CC6212E36,120.533844,24.091687
CC6212E37,120.6763747,24.0047048
CC6212E39,120.499983,24.106481
CC6212E41,120.676615,24.154987
CC6212E42,120.6475845,24.0815983
CC6212E46,121.167738,24.06306
CC6212E47,120.773113,23.822906
CC6212E48,120.608722,24.116259
CC6212E53,120.632737,24.105942
CC6212E54,120.993308,23.979097
CC6212E55,120.540233,24.259906
CC6212E56,120.556793,24.212859
CC6212E58,120.630017,24.147042
CC6212E61,120.602143,24.310852
CC6212E63,120.58715,23.879922
CC6212E64,120.602873,23.833334
CC6212E65,120.524826,23.887113
CC6212E66,120.586329,23.955538
CC6212E67,120.659827,24.171638
CC6212E68,120.719721,24.179429
CC6212E70,120.531929,24.074228
CC6212E71,120.349731,23.894127
CC6212E72,120.481897,23.956864
CC6212E74,120.665042,23.849312
CC6212E75,120.694047,24.200818
CC6212E76,120.637093,24.234129
CC6212E78,120.662225,24.232694
CC6212E79,120.662423,24.055389
CC6212E80,120.648272,24.093284
CC6212E81,120.695613,24.053249
CC6212E83,120.965563,23.963411
CC6212E84,120.550141,24.28533
CC6212E85,120.649576,24.214268
CC6212E86,120.965585,23.974176
CC6212E88,120.717012,24.101853
CC6212E89,120.994295,23.979293
CC6212E90,121.012813,23.981547
CC6212E91,120.622764,24.145775
CC6212E92,120.52025,24.063354
CC6212E93,120.652816,24.117977
CC6212E94,120.537686,24.252808
CC6212E95,120.588201,23.98712
CC6212E96,120.621514,24.102064
CC6212E97,120.702902,24.238141
CC6212E98,120.625297,24.132362
CC6212E99,120.752402,23.74587
CC6212F01,120.689968,24.1319242
CC6212F02,120.6938084,24.1645968
CC6212F03,120.6938842,24.1714086
CC6212F04,120.671707,23.9243141
CC6212F05,120.5204965,24.0948665
CC6212F06,120.5425797,23.9100855
CC6212F07,120.5141349,23.8703264
CC6212F08,120.5879711,24.0916082
CC6212F51,120.53691,24.19581
CC6212F52,120.590873,24.295344
CC6212F54,120.657933,24.327336
CC6212F56,120.665529,24.110858
CC6212F61,120.729028,24.329573
CC6212F64,120.575391,24.247317
CC6212F65,120.5795,24.191868
CC6212F72,120.730085,24.254966
CC6212F73,120.691563,24.160479
CC6212F74,120.705591,23.765988
CC6212F75,120.563782,24.232833
CC6212F76,120.730825,24.112386
CC6212F78,120.696369,24.069697
CC6212F79,120.576032,23.946917
CC6212F80,120.626294,24.114349
CC6212F81,120.747771,24.266352
CC6212F82,120.672026,24.146558
CC6212F83,120.682137,24.17897
CC6212F84,120.965435,23.973335
CC6212F85,120.809097,24.250061
CC6212F86,120.707603,24.22685
CC6212F87,120.7965936,23.8212107
CC6212F88,120.66271,24.070321
CC6212F89,120.557334,24.001504
CC6212F90,120.531628,23.894647
CC6212F91,120.685094,24.168952
CC6212F93,120.6850678,23.9742617
CC6212F94,120.725344,24.109001
CC6212F95,120.680293,23.954977
CC6212F96,120.4415893,24.0517335
CC6212F97,120.6478584,24.0772085
CC6212F98,120.683235,24.128993
CC6212F99,120.610416,24.201736
CC6212G03,120.676435,24.241995
CC6212G21,120.650477,24.211371
CC6212G22,121.085898,24.003896
CC6212G23,120.718455,24.243164
CC6212G28,120.599177,24.308691
CC6212G29,120.582923,24.249704
CC6212G31,120.470656,23.913827
CC6212G41,120.703829,24.115165
CC6212G46,120.543483,24.176052
CC6212G49,120.641266,24.229878
CC6212G50,120.6786387,23.9870478
CC6212G52,120.675445,23.955666
CC6212G54,120.928141,23.97196
CC6212G58,120.509972,24.157033
CC6212G60,120.941574,23.956293
CC6212G67,120.684321,24.096687
CC6212G68,120.543392,24.159705
CC6212G69,120.83703,24.230483
CC6212G73,120.566347,24.089665
CC6212G74,120.459096,23.879211
CC6212G77,120.694079,24.170925
CC6212G81,120.708771,24.311075
CC6212G86,120.504393,24.041256
CC6212G87,120.686271,24.194595
CC6212G90,120.672294,23.958631
CC6212G91,120.422323,24.075002
CC6212G92,120.485231,24.084591
CC6212G93,120.526569,23.865927
CC6212G95,120.66885,24.214502
CC6212G99,120.596629,23.856331
CC6212H03,120.656975,24.200714
CC6212H04,120.628945,24.205742
CC6212H08,120.684311,23.918002
CC6212H09,120.3608386,23.8907246
CC6212H10,120.5858078,23.9677355
CC6212H11,120.573525,24.185554
GG6212A01,120.89183,24.705756
GG6212A02,120.749733,24.377591
GG6212A04,120.759627,24.39039
GG6212A06,120.813052,24.538515
GG6212A07,120.876252,24.660792
GG6212A09,120.657893,24.451907
GG6212A10,120.699396,24.550595
GG6212A11,120.776944,24.593449
GG6212A13,120.873743,24.658844
GG6212A14,120.942447,24.681949
GG6212A16,120.813699,24.539762
GG6212A18,120.922219,24.703059
GG6212A19,120.930761,24.685367
GG6212A21,120.892798,24.691931
GG6212A22,120.796089,24.587605
GG6212A23,120.955279,24.642733
GG6212A26,120.863166,24.638587
GG6212A29,120.867162,24.706587
GG6212A30,120.647317,24.442302
GG6212A32,120.873859,24.449075
GG6212A36,120.786191,24.480702
GG6212A40,120.921041,24.702454
GG6212A44,120.904429,24.739276
GG6212A47,120.90429,24.738632
GG6212A48,120.906826,24.730465
GG6212A50,120.849008,24.574118
GG6212A51,120.810517,24.500435
GG6212A53,120.882951,24.637343
GG6212A57,120.802011,24.530872
GG6212A59,120.810764,24.544457
GG6212A60,120.830041,24.601762
GG6212A61,120.815061,24.572637
GG6212A63,120.780021,24.60122
GG6212A64,120.866221,24.673241
GG6212A65,120.882098,24.6707
GG6212A68,120.661458,24.406888
GG6212A69,120.819241,24.526909
GG6212A71,120.872998,24.691959
GG6212A72,120.701093,24.496192
GG6212A73,120.779444,24.448675
GG6212A76,120.888974,24.694353
GG6212A77,120.809277,24.64256
GG6212A79,120.665034,24.401522
GG6212A80,120.921424,24.715052
GG6212A81,120.942503,24.681735
GG6212A83,120.860367,24.656881
GG6212A84,120.828285,24.496411
GG6212A85,120.924865,24.689146
GG6212A86,120.824622,24.593347
GG6212A88,120.819185,24.528153
GG6212A89,120.854896,24.672384
GG6212A90,120.712756,24.569818
GG6212A91,120.85448,24.672137
GG6212A93,120.860846,24.693316
GG6212A94,120.888308,24.704463
GG6212A95,120.810241,24.567054
GG6212A96,120.825242,24.511876
GG6212A97,120.705201,24.556942
GG6212A98,120.883,24.671968
HH6212A02,120.995405,24.858865
HH6212A04,121.034316,24.843873
HH6212A10,121.074575,24.753042
HH6212A15,120.979887,24.803159
HH6212A16,120.995392,24.818435
HH6212A17,120.980829,24.812655
HH6212A18,120.92631,24.787003
HH6212A19,121.047815,24.827372
HH6212A20,121.023004,24.87576
HH6212A24,120.997184,24.825788
HH6212A30,121.032722,24.81664
HH6212A32,121.050804,24.910646
HH6212A33,121.085677,24.764381
HH6212A34,121.048626,24.784361
HH6212A35,120.996674,24.865717
HH6212A36,121.057663,24.898844
HH6212A37,120.998571,24.870801
HH6212A38,120.961042,24.809554
HH6212A39,121.076752,24.77084
HH6212A42,120.961732,24.856229
HH6212A44,120.994081,24.842989
HH6212A45,120.954949,24.873589
HH6212A48,121.009819,24.772097
HH6212A54,121.043264,24.811021
HH6212A55,121.041716,24.778438
HH6212A58,121.095145,24.752199
HH6212A59,120.978412,24.767987
HH6212A60,120.92719,24.827236
HH6212A61,121.018131,24.875187
HH6212A65,121.071923,24.774566
HH6212A68,120.955647,24.818139
HH6212A69,121.049338,24.827285
HH6212A71,121.06425,24.787952
HH6212A72,121.017081,24.874337
HH6212A77,121.0959812,24.8212246
HH6212A79,121.073772,24.775377
HH6212A83,121.054614,24.797364
HH6212A84,121.17231,24.754918
HH6212A85,121.035651,24.895898
HH6212A89,121.01993,24.78934
HH6212A90,120.957794,24.823889
HH6212A91,121.024395,24.848317
HH6212A92,120.967469,24.813649
HH6212A93,121.041568,24.891161
HH6212A94,121.023116,24.813467
HH6212B03,121.199383,24.811924
HH6212B07,120.929287,24.839504
HH6212B08,121.011208,24.882922
HH6212B09,120.954221,24.754494
HH6212B11,120.980971,24.821529
HH6212B15,120.980713,24.821192
HH6212B16,121.032578,24.82526
HH6212B18,121.022027,24.686498
HH6212B19,121.01973,24.857379
HH6212B21,120.995738,24.818978
HH6212B25,121.036984,24.880015
HH6212B26,121.005453,24.759692
HH6212B27,121.002419,24.801041
HH6212B28,121.094287,24.737643
HH6212B29,120.985269,24.840863
II6212A02,120.409202,23.684667
II6212A04,120.43992,23.475378
II6212A05,120.447799,23.269485
II6212A16,120.386296,23.496084
II6212A25,120.334423,23.619786
II6212A26,120.468585,23.627835
II6212A34,120.549309,23.627638
II6212A39,120.322969,23.560491
II6212A41,120.452524,23.266292
II6212A44,120.47366,23.660489
II6212A50,120.246861,23.434266
II6212A57,120.474858,23.452018
II6212A65,120.288633,23.586599
II6212A67,120.162985,23.610148
II6212A73,120.248229,23.68025
II6212A76,120.432301,23.452312
II6212A78,120.241001,23.457239
II6212A80,120.302257,23.304211
II6212A84,120.456083,23.495458
II6212A87,120.293889,23.308471
II6212A88,120.468132,23.790575
II6212A92,120.258314,23.741569
II6212A95,120.293148,23.460766
II6212A97,120.304707,23.599351
II6212A98,120.495268,23.445085
II6212A99,120.320557,23.684725
II6212B05,120.276196,23.438236
II6212B07,120.46111,23.530131
II6212B08,120.198509,23.459979
II6212B09,120.34074,23.492564
II6212B11,120.419286,23.440982
II6212B15,120.438209,23.528262
II6212B19,120.39175,23.671045
II6212B20,120.456038,23.443729
II6212B21,120.435809,23.485497
II6212B24,120.412502,23.450547
II6212B29,120.354538,23.332562
II6212B34,120.193619,23.708717
II6212B35,120.525046,23.69452
II6212B36,120.194797,23.54926
II6212B39,120.442806,23.715868
II6212B43,120.423415,23.522418
II6212B45,120.432166,23.462267
II6212B47,120.464348,23.506287
II6212B48,120.327517,23.719909
II6212B49,120.317084,23.301881
II6212B50,120.334969,23.283217
II6212B51,120.50707,23.602101
II6212B52,120.377841,23.389452
II6212B53,120.380082,23.496805
II6212B54,120.412388,23.355662
II6212B55,120.428309,23.476522
II6212B61,120.29959,23.569514
II6212B62,120.493471,23.603935
II6212B65,120.437276,23.531358
II6212B67,120.460426,23.596819
II6212B69,120.597195,23.734799
II6212B70,120.442261,23.453137
II6212B71,120.431414,23.513395
II6212B76,120.225575,23.636096
II6212B78,120.246059,23.750716
II6212B79,120.536802,23.672839
II6212B81,120.475219,23.792357
II6212B82,120.470495,23.524662
II6212B92,120.412045,23.345339
II6212B96,120.561878,23.714622
II6212B97,120.54869,23.700307
II6212B98,120.589103,23.72719
II6212B99,120.406493,23.328776
II6212C01,120.470753,23.477723
II6212C03,120.372686,23.259745
II6212C04,120.49894,23.445156
II6212C06,120.539474,23.44301
II6212C07,120.436026,23.435661
II6212C10,120.43266,23.708984
II6212C23,120.498109,23.494633
II6212C24,120.352517,23.338976
II6212C26,120.47173,23.459729
II6212C28,120.515535,23.442469
II6212C30,120.315571,23.270839
II6212C31,120.414094,23.484257
II6212C33,120.494919,23.68502
II6212C34,120.359084,23.766026
II6212C36,120.449062,23.707783
II6212C38,120.537754,23.675118
II6212C39,120.498173,23.68625
II6212C41,120.460748,23.697856
II6212C43,120.456827,23.501309
II6212C46,120.433556,23.454162
II6212C47,120.439982,23.797918
II6212C48,120.440951,23.717687
II6212C49,120.403762,23.490151
II6212C50,120.659427,23.428901
II6212C51,120.398269,23.492276
II6212C52,120.460655,23.697178
II6212C53,120.3791627,23.4415595
II6212C55,120.288598,23.794577
II6212C57,120.2860699,23.3089335
II6212C58,120.4471919,23.6039806
II6212C59,120.5695657,23.6784393
II6212C60,120.423054,23.48566
KK6212A01,121.561305,25.291104
KK6212A02,121.725866,25.117622
KK6212A05,121.649826,25.209412
KK6212A08,121.988629,25.010545
KK6212A09,121.988973,25.01075
KK6212A10,121.794734,25.110387
KK6212A11,121.823495,25.121143
KK6212A12,121.502712,25.26171
KK6212A13,121.502675,25.261151
KK6212A14,121.630347,25.224753
KK6212A28,121.68296,25.072939
KK6212A35,121.722297,25.144793
KK6212A36,121.725972,25.14662
KK6212A37,121.779293,25.128651
KK6212A43,121.477692,25.259802
KK6212A45,121.785433,25.102939
KK6212A46,121.736232,25.152578
KK6212A47,121.684786,25.082742
KK6212A48,121.68346,25.075535
KK6212A49,121.726613,25.105983
KK6212A50,121.699804,25.148646
LL6212A02,121.767441,24.8115961
LL6212A03,121.7537092,24.6713157
LL6212A06,121.7987519,24.8402157
LL6212A07,121.8031969,24.624456
LL6212A09,121.833375,24.627137
LL6212A10,121.8333461,24.5204876
LL6212A14,121.7802156,24.6823932
LL6212A17,121.768521,24.724123
LL6212A20,121.771834,24.7503597
LL6212A21,121.7837062,24.7832732
LL6212A22,121.7636138,24.6722006
LL6212A23,121.7657531,24.7301356
LL6212A24,121.7868697,24.8371748
LL6212A25,121.7685764,24.724313
LL6212A26,121.765367,24.802044
LL6212A29,121.7780295,24.6821801
LL6212A30,121.7259001,24.698219
LL6212A32,121.7606624,24.7821213
LL6212A33,121.7906866,24.4618976
LL6212A34,121.745427,24.7755131
LL6212A35,121.7588711,24.7750586
LL6212A36,121.8189124,24.6150917
LL6212A37,121.7817212,24.7704407
LL6212A38,121.717647,24.669902
LL6212A39,121.831598,24.634281
LL6212A41,121.758707,24.771714
LL6212A42,121.767011,24.686504
LL6212A44,121.7275964,24.7635455
LL6212A45,121.7592289,24.7796895
LL6212A47,121.8269058,24.6163456
LL6212A48,121.8309668,24.6140131
LL6212A49,121.7885734,24.6833954
LL6212W03,121.870178,24.586309
MM6212A01,119.588287,23.564197
MM6212A03,119.599376,23.529376
MM6212A05,119.583273,23.569529
MM6212A06,119.594097,23.561749
MM6212A07,119.571483,23.570497
MM6212A09,119.593948,23.56925
NN6212A01,120.234501,22.99799
NN6212A13,120.236542,23.054105
NN6212A15,120.519165,23.075339
NN6212A20,120.2438945,22.9740182
NN6212A21,120.243757,22.928269
NN6212A26,120.134643,23.068605
NN6212A30,120.265145,23.129922
NN6212A31,120.28111,23.031834
NN6212A39,120.139699,23.053937
NN6212A41,120.229075,23.179718
NN6212A53,120.203188,23.036083
NN6212A54,120.210493,23.264708
NN6212A55,120.682733,23.097615
NN6212A60,120.2701815,22.9541607
NN6212A62,120.292333,22.967312
NN6212A63,120.24023,22.959614
NN6212A66,120.210289,23.090841
NN6212A69,120.250323,22.991699
NN6212A73,120.131571,23.102895
NN6212A74,120.270424,23.165101
NN6212A76,120.225736,23.030359
NN6212A77,120.23753,23.016927
NN6212A78,120.3510958,23.2262829
NN6212A80,120.367588,23.079025
NN6212A81,120.317847,23.076423
NN6212A82,120.2273966,22.9648222
NN6212A83,120.268621,23.189186
NN6212A85,120.216653,23.022138
NN6212A87,120.2239694,22.9222237
NN6212A88,120.2192856,22.9469493
NN6212A89,120.2483881,22.8873107
NN6212A92,120.274108,22.969206
NN6212A96,120.203658,23.112832
NN6212B01,120.176404,23.058272
NN6212B04,120.294279,22.979604
NN6212B06,120.256624,22.980313
NN6212B08,120.217402,23.023399
NN6212B14,120.243206,23.035406
NN6212B15,120.189851,23.054323
NN6212B17,120.349732,23.216287
NN6212B21,120.188564,23.048202
NN6212B27,120.23898,23.017215
NN6212B31,120.132076,23.102204
NN6212B32,120.318365,23.106515
NN6212B33,120.308659,23.000815
NN6212B34,120.287763,22.974015
NN6212B38,120.353885,22.874722
NN6212B39,120.299712,23.05361
NN6212B42,120.471282,23.115928
NN6212B44,120.21872,22.950791
NN6212B45,120.320274,23.126577
NN6212B47,120.134902,23.075255
NN6212B48,120.213866,23.07386
NN6212B53,120.389715,23.062381
NN6212B58,120.2295156,22.9815304
NN6212B61,120.188756,23.165397
NN6212B63,120.185473,23.185241
NN6212B64,120.2723079,22.9208549
NN6212B65,120.186048,23.008071
NN6212B66,120.2240544,23.009869
NN6212B71,120.168264,23.155414
NN6212B76,120.189643,23.034223
NN6212B78,120.295472,22.975459
NN6212B82,120.489387,23.160334
NN6212B83,120.131636,23.133493
NN6212B89,120.307698,23.21425
NN6212B90,120.186538,22.886346
NN6212C05,120.251412,23.2334
NN6212C06,120.158149,23.191797
NN6212C07,120.2504234,22.8801542
NN6212C10,120.208702,23.098758
NN6212C11,120.196167,22.998904
NN6212C12,120.190222,23.030164
NN6212C13,120.235635,23.109967
NN6212C15,120.208594,23.011675
NN6212C17,120.33089,23.06088
NN6212C20,120.249633,23.124288
NN6212C21,120.295045,23.035748
NN6212C22,120.434811,23.138319
NN6212C23,120.194914,23.080304
NN6212C24,120.134516,23.155907
NN6212C25,120.238795,23.017101
NN6212C47,120.273589,23.000817
NN6212C52,120.337351,23.06435
NN6212C53,120.257498,22.996471
NN6212C56,120.262426,23.017795
NN6212C57,120.241344,23.049192
NN6212C59,120.318633,23.11643
NN6212C60,120.183524,22.9462001
NN6212C61,120.246584,23.176542
NN6212C65,120.2738537,22.9200864
NN6212C67,120.573345,23.064178
NN6212C68,120.2171499,22.9573313
NN6212C69,120.221462,22.8766809
NN6212C71,120.218728,23.023017
NN6212C74,120.232885,23.037943
NN6212C75,120.2077451,22.9060148
NN6212C77,120.257439,22.988188
NN6212C79,120.454514,23.121455
NN6212C80,120.246863,23.162921
NN6212C82,120.1786769,22.9505738
NN6212C83,120.249594,22.998728
NN6212C86,120.304551,23.084679
NN6212C87,120.34114,23.164506
NN6212C88,120.337342,23.180036
NN6212C89,120.2584614,23.1929709
NN6212C90,120.21608,23.041706
NN6212C91,120.181425,23.163981
NN6212C92,120.332392,22.94713
NN6212C93,120.3212735,22.8803454
NN6212C94,120.216338,23.176261
NN6212C95,120.341329,23.222768
NN6212C96,120.3332253,22.8854759
NN6212C97,120.109626,23.214788
NN6212C98,120.205711,23.001639
NN6212C99,120.324816,23.142476
NN6212D01,120.243019,22.989669
NN6212D02,120.2874931,22.8305168
NN6212D03,120.2728647,22.8486171
NN6212D04,120.2655658,22.9912387
NN6212D05,120.303892,22.965406
NN6212W01,120.084635,23.210822
SS6212A01,120.2738582,22.8171075
SS6212A02,120.4628674,22.6234424
SS6212A04,120.592765,22.669381
SS6212A05,120.488992,22.727916
SS6212A09,120.615528,22.334253
SS6212A10,120.467117,22.613657
SS6212A11,120.495107,22.883095
SS6212A15,120.32634,22.62999
SS6212A16,120.315458,22.653318
SS6212A17,120.713686,22.070133
SS6212A18,120.317004,22.787428
SS6212A19,120.303119,22.65003
SS6212A20,120.339282,22.742564
SS6212A23,120.316726,22.61823
SS6212A27,120.558517,22.447616
SS6212A29,120.614777,22.784767
SS6212A30,120.290315,22.717805
SS6212A32,120.540898,22.634731
SS6212A35,120.3623166,22.759425
SS6212A36,120.523418,22.541299
SS6212A41,120.2308071,22.846814
SS6212A45,120.551528,22.735748
SS6212A46,120.321352,22.666835
SS6212A48,120.483327,22.8980591
SS6212A53,120.462171,22.824459
SS6212A59,120.358429,22.584558
SS6212A62,120.601999,22.374414
SS6212A63,120.459803,22.53741
SS6212A65,120.281044,22.80165
SS6212A72,120.317283,22.671188
SS6212A77,120.319617,22.678412
SS6212A78,120.485416,22.637405
SS6212A79,120.303675,22.668683
SS6212A80,120.308574,22.652411
SS6212A83,120.572325,22.504747
SS6212A85,120.340946,22.636675
SS6212A86,120.3442639,22.7322519
SS6212A87,120.299356,22.676844
SS6212A89,120.53653,22.8855601
SS6212A90,120.4854684,22.6434749
SS6212A96,120.331797,22.647185
SS6212A97,120.303712,22.665634
SS6212A99,120.349153,22.562208
SS6212B01,120.557275,22.594568
SS6212B06,120.282709,22.630458
SS6212B08,120.348315,22.695655
SS6212B12,120.420192,22.590255
SS6212B15,120.531588,22.512973
SS6212B27,120.290208,22.721625
SS6212B28,120.587362,22.625219
SS6212B29,120.29096,22.812994
SS6212B31,120.399299,22.658849
SS6212B33,120.341661,22.565294
SS6212B34,120.409434,22.582287
SS6212B36,120.374963,22.504265
SS6212B38,120.409733,22.53984
SS6212B39,120.591179,22.691141
SS6212B42,120.519878,22.6688
SS6212B43,120.516475,22.574487
SS6212B44,120.383078,22.636499
SS6212B45,120.4890573,22.9076343
SS6212B46,120.343381,22.602959
SS6212B48,120.411985,22.548381
SS6212B50,120.402968,22.591286
SS6212B51,120.39863,22.495695
SS6212B55,120.405576,22.640035
SS6212B64,120.359746,22.730913
SS6212B66,120.2518822,22.8082093
SS6212B69,120.35355,22.615777
SS6212B70,120.503285,22.693668
SS6212B73,120.369129,22.703593
SS6212B76,120.421215,22.579787
SS6212B77,120.304707,22.596944
SS6212B78,120.370174,22.529633
SS6212B81,120.3354062,22.6743693
SS6212B83,120.325334,22.712263
SS6212B86,120.360332,22.598152
SS6212B87,120.299091,22.715746
SS6212B89,120.321686,22.69415
SS6212B92,120.621721,22.52778
SS6212B96,120.362799,22.751548
SS6212C05,120.28097,22.790406
SS6212C06,120.352414,22.751508
SS6212C07,120.489652,22.693777
SS6212C09,120.307774,22.597869
SS6212C10,120.536954,22.871207
SS6212C12,120.490285,22.693833
SS6212C15,120.553759,22.695689
SS6212C16,120.329304,22.79098
SS6212C23,120.469535,22.661284
SS6212C24,120.533712,22.559615
SS6212C25,120.463902,22.471893
SS6212C27,120.333075,22.6083
SS6212C30,120.489684,22.600707
SS6212C34,120.30189,22.619736
SS6212C35,120.315353,22.590119
SS6212C38,120.312783,22.580564
SS6212C39,120.65645,22.252326
SS6212C42,120.441227,22.714044
SS6212C49,120.497156,22.654116
SS6212C50,120.484161,22.590237
SS6212C51,120.506501,22.822044
SS6212C52,120.323296,22.707631
SS6212C53,120.493755,22.914148
SS6212C54,120.429142,22.592534
SS6212C58,120.538489,22.492287
SS6212C60,120.498833,22.666814
SS6212C65,120.56463,22.699733
SS6212C66,120.743402,22.024222
SS6212C69,120.546944,22.629614
SS6212C70,120.596543,22.380211
SS6212C71,120.51999,22.654819
SS6212C75,120.294263,22.758256
SS6212C77,120.55373,22.589853
SS6212C78,120.328674,22.572167
SS6212C80,120.5212,22.708116
SS6212C84,120.370716,22.563236
SS6212C85,120.360374,22.709333
SS6212C86,120.301449,22.696882
SS6212C87,120.291495,22.803007
SS6212C90,120.370739,22.697991
SS6212C91,120.495193,22.883371
SS6212C92,120.48094,22.573701
SS6212C93,118.334157,24.439283
SS6212C96,120.493739,22.768287
SS6212C97,118.325576,24.443525
SS6212C98,120.837528,22.016722
SS6212D01,120.519272,22.706188
SS6212D03,120.473263,22.654057
SS6212D06,120.31072,22.671452
SS6212D07,120.653186,22.263626
SS6212D10,120.444016,22.496103
SS6212D11,118.405128,24.438666
SS6212D17,120.6354968,22.9934591
SS6212D18,120.812187,23.245605
SS6212D19,120.332329,22.616964
SS6212D20,120.406557,22.632169
SS6212D21,120.262141,22.745473
SS6212D22,120.330205,22.724237
SS6212D24,120.324132,22.78914
SS6212D26,120.529882,22.77932
SS6212D27,120.72022,23.27624
SS6212D28,120.56109,22.698268
SS6212D31,119.943162,26.1598
SS6212D32,120.605451,22.83944
SS6212D33,120.263193,22.742267
SS6212D36,120.569694,22.793917
SS6212D48,120.268407,22.771769
SS6212D51,120.244997,22.792839
SS6212D55,120.463965,22.841135
SS6212D57,120.502564,22.449715
SS6212D58,120.500665,22.697966
SS6212D59,120.449831,22.774559
SS6212D60,120.559577,22.608212
SS6212D62,120.588424,22.395104
SS6212D63,120.386639,22.655997
SS6212D64,120.395446,22.515361
SS6212D65,120.522045,22.569684
SS6212D68,120.40548,22.594803
SS6212D69,120.502797,22.691757
SS6212D74,120.470814,22.460354
SS6212D76,120.358297,22.591273
SS6212D78,118.242929,24.428363
SS6212D79,120.46063,22.498386
SS6212D80,120.542996,22.483153
SS6212D81,118.410096,24.490558
SS6212D89,120.303739,22.6551
SS6212D93,120.530491,22.886178
SS6212D94,118.240689,24.434336
SS6212D95,120.307202,22.785737
SS6212D96,120.469076,22.482597
SS6212D98,120.326365,22.669729
SS6212E01,120.426528,22.663205
SS6212E03,120.401865,22.63965
SS6212E04,120.467813,22.655827
SS6212E05,120.383762,22.63601
SS6212E07,120.278986,22.804728
SS6212E11,120.572033,22.548519
SS6212E14,120.554069,22.561327
SS6212E15,120.310185,22.791098
SS6212E19,120.336517,22.616557
SS6212E20,120.503171,22.782326
SS6212E21,120.35232,22.6873871
SS6212E22,120.411652,22.56102
SS6212E23,120.40733,22.581855
SS6212E24,120.512768,22.666259
SS6212E25,120.481126,22.6651552
SS6212E26,120.5138303,22.6849542
SS6212E27,118.337454,24.430081
SS6212E28,120.391661,22.612267
SS6212E29,120.371957,22.57752
SS6212E30,120.360635,22.585071
SS6212E31,120.308922,22.653516
SS6212E32,120.533199,22.5371543
SS6212E33,120.312585,22.64474
SS6212E34,120.687872,22.2058758
SS6212E35,120.296533,22.660943
SS6212E36,120.326431,22.617008
SS6212E37,120.318322,22.640203
SS6212E38,120.3556762,22.6929873
SS6212E39,120.276732,22.724138
SS6212E40,120.401152,22.526304
SS6212E41,120.374544,22.62255
SS6212E42,120.610928,22.345764
SS6212E43,120.310493,22.68207
SS6212E44,120.355105,22.606803
SS6212E45,120.334711,22.602879
SS6212E46,120.348984,22.60704
SS6212E47,120.328202,22.56627
SS6212E48,120.3292109,22.6817378
SS6212E49,120.4635212,22.547151
SS6212E50,120.5401691,22.5602056
SS6212E51,120.3556762,22.6929873
SS6212E52,120.370363,22.6364
SS6212E53,120.4843116,22.6834712
SS6212E54,120.3649192,22.6450094
SS6212E55,120.5958,22.3835
SS6212E56,120.303022,22.727594
SS6212E57,120.318056,22.597062
SS6212E59,118.388235,24.443829
SS6212E60,120.31862,22.654009
SS6212E61,120.3134811,22.7861526
SS6212E62,120.257239,22.808286
SS6212E63,120.6005879,22.8292241
SS6212E64,120.321974,22.662996
SS6212E65,118.327308,24.435934
SS6212E66,120.3103555,22.7908173
SS6212W01,120.444309,22.466348
SS6212W03,120.443646,22.466556
SS6212W07,120.340192,22.555003
SS6212W12,119.9443438,26.1580753
TT6212A02,121.492975,25.062004
TT6212A03,121.395493,24.981079
TT6212A05,121.438043,25.077456
TT6212A09,121.460509,25.024717
TT6212A10,121.365216,24.939448
TT6212A16,121.585,25.057
TT6212A17,121.424975,25.001597
TT6212A18,121.511772,25.004067
TT6212A21,121.608417,25.072558
TT6212A24,121.473684,24.991134
TT6212A25,121.456454,25.120594
TT6212A28,121.493,25.089
TT6212A29,121.435297,25.023609
TT6212A30,121.542392,24.989423
TT6212A31,121.518724,24.974874
TT6212A33,121.531234,25.048786
TT6212A34,121.459029,25.063209
TT6212A37,121.455853,25.120419
TT6212A39,121.391652,24.962697
TT6212A44,121.437633,25.07775
TT6212A46,121.634138,25.068863
TT6212A50,121.424892,24.983974
TT6212A51,121.583478,25.078381
TT6212A53,121.621158,25.055135
TT6212A55,121.654932,25.069257
TT6212A59,121.521961,24.963696
TT6212A60,121.476702,24.991776
TT6212A61,121.504492,24.957899
TT6212A62,121.430098,24.999528
TT6212A67,121.528698,25.1016931
TT6212A68,121.436772,25.033027
TT6212A70,121.530974,24.96107
TT6212A71,121.501861,24.957445
TT6212A72,121.416095,25.00886
TT6212A73,121.425123,25.000829
TT6212A74,121.470951,24.939964
TT6212A78,121.4386099,25.0785306
TT6212A80,121.517415,24.981779
TT6212A83,121.435189,25.057611
TT6212A88,121.539409,25.072687
TT6212A89,121.415534,24.971472
TT6212A90,121.412031,24.980641
TT6212A95,121.414182,24.980238
TT6212A98,121.450827,25.061951
TT6212B03,121.608573,25.000212
TT6212B06,121.421247,24.996132
TT6212B08,121.4521194,25.2254155
TT6212B09,121.494463,25.007013
TT6212B10,121.479137,25.021033
TT6212B14,121.467593,24.993784
TT6212B17,121.397853,24.941968
TT6212B20,121.485483,24.998644
TT6212B24,121.419651,25.028135
TT6212B25,121.683401,25.068552
TT6212B27,121.496451,25.000284
TT6212B28,121.417347,25.032446
TT6212B30,121.465227,25.044631
TT6212B31,121.574975,25.069747
TT6212B33,121.365465,24.910167
TT6212B35,121.412042,24.98395
TT6212B40,121.49857,25.12471
TT6212B42,121.447935,25.141827
TT6212B43,121.508652,25.112526
TT6212B48,121.457996,25.173597
TT6212B51,121.484931,25.003479
TT6212B53,121.336213,24.97149
TT6212B61,121.536998,25.044388
TT6212B63,121.644262,25.008717
TT6212B68,121.449829,24.992238
TT6212B69,121.401548,24.9347609
TT6212B72,121.436981,25.063474
TT6212B79,121.459353,25.133656
TT6212B80,121.533527,24.981361
TT6212B81,121.505806,24.999548
TT6212B82,121.479038,25.011539
TT6212B85,121.353985,24.957167
TT6212B88,121.489882,25.075595
TT6212B93,121.440385,25.087156
TT6212B95,121.4768,25.0055
TT6212C03,121.433065,24.968552
TT6212C07,121.406028,24.961549
TT6212C09,121.387339,24.933455
TT6212C10,121.671889,25.066086
TT6212C16,121.449416,25.165484
TT6212C18,121.356633,24.940927
TT6212C22,121.420577,25.032339
TT6212C23,121.474285,25.071586
TT6212C34,121.480401,25.010017
TT6212C35,121.467977,25.052246
TT6212C37,121.469049,25.077242
TT6212C38,121.498532,25.121565
TT6212C39,121.500635,25.027303
TT6212C40,121.498704,25.021918
TT6212C41,121.383541,25.090438
TT6212C42,121.431713,24.965654
TT6212C44,121.340132,24.947659
TT6212C46,121.488748,25.077009
TT6212C47,121.488812,25.077145
TT6212C48,121.568527,25.077845
TT6212C54,121.372254,25.075046
TT6212C57,121.511922,24.992398
TT6212C58,121.484907,25.002842
TT6212C59,121.440532,25.033583
TT6212C68,121.333308,24.964253
TT6212C70,121.617794,25.067427
TT6212C76,121.439616,25.063733
TT6212C78,121.411594,25.15295
TT6212C79,121.55827,25.006575
TT6212C81,121.475316,25.070837
TT6212C83,121.3855746,24.9492046
TT6212C85,121.3853078,24.9460652
TT6212C87,121.479521,25.020887
TT6212C91,121.356636,24.940924
TT6212C92,121.5111579,25.1073003
TT6212C93,121.6427751,25.0086632
TT6212C94,121.4570725,25.1644267
TT6212C95,121.46872,25.044656
TT6212C96,121.438512,24.967949
TT6212C97,121.6529037,25.0616866
TT6212C98,121.387707,24.9341719
TT6212C99,121.39525,25.014811
TT6212D01,121.436079,25.157154
TT6212D02,121.49258,25.005755
TT6212D03,121.6128653,24.9979005
TT6212D04,121.3637943,24.9565096
TT6212D05,121.440729,25.081967
TT6212D07,121.441611,24.983968
TT6212D08,121.422754,24.9617019
TT6212D09,121.5123502,25.0043571
TT6212D10,121.504648,25.00527
TT6212D11,121.6105722,25.0007625
TT6212D12,121.4254369,24.9845018
TT6212D13,121.4580692,25.1646446
TT6212D14,121.4506854,25.2150122
TT6212D15,121.4201032,24.9818331
TT6212D16,121.4491867,25.0227031
TT6212D17,121.459534,25.04145
UU6212A03,121.604384,23.9918049
UU6212A04,121.584299,23.98895
UU6212A07,121.604555,23.962372
UU6212A08,121.452098,23.755044
UU6212A10,121.6261629,24.1099281
UU6212A14,121.53235,23.915794
UU6212A17,121.588333,23.988429
UU6212A20,121.382875,23.569573
UU6212A22,121.321388,23.328878
UU6212A23,121.63393,24.113835
UU6212A25,121.589212,23.983077
UU6212A27,121.535912,23.92464
UU6212A30,121.576252,23.975587
UU6212A31,121.648334,24.124259
UU6212A32,121.594105,23.930387
UU6212A33,121.621914,23.986507
UU6212A34,121.524689,23.887859
UU6212A35,121.6502,24.156379
UU6212A36,121.417787,23.653507
UU6212A37,121.615144,24.007179
UU6212A38,121.560695,23.780082
UU6212A39,121.582088,23.973764
UU6212A43,121.422422,23.7146
UU6212A46,121.499584,23.853696
UU6212A48,121.278014,23.213269
UU6212A49,121.376588,23.515869
UU6212A50,121.604719,23.9726139
UU6212A51,121.608417,23.971921
UU6212A52,121.608524,24.022418
UU6212A53,121.58138,23.96396
UU6212A54,121.323867,23.357996
UU6212A56,121.611829,23.97494
UU6212A57,121.555803,23.896589
UU6212A58,121.45611,23.767269
UU6212A59,121.602132,24.0044819
UU6212A60,121.57559,23.9680659
YY6212A02,121.181713,24.987877
YY6212A04,121.149848,25.051063
YY6212A09,121.155173,25.053199
YY6212A15,121.103446,25.036074
YY6212A16,121.223229,24.940452
YY6212A18,121.242921,24.849246
YY6212A20,121.028155,24.98637
YY6212A22,121.316564,24.991121
YY6212A25,121.282536,24.929518
YY6212A28,121.175389,24.959154
YY6212A39,121.247389,24.914952
YY6212A41,121.277299,24.896012
YY6212A42,121.362781,25.001495
YY6212A45,121.314953,24.991002
YY6212A49,121.250997,24.95725
YY6212A52,121.286837,24.88792
YY6212A55,121.286321,24.872842
YY6212A60,121.313395,24.927197
YY6212A63,121.235537,24.989935
YY6212A67,121.300033,25.032845
YY6212A70,121.306905,24.962884
YY6212A71,121.205683,25.061138
YY6212A78,121.261631,24.896446
YY6212A81,121.213358,24.873004
YY6212A82,121.161855,24.93856
YY6212A83,121.230629,25.025767
YY6212A84,121.22329,25.047147
YY6212A85,121.21463,24.933903
YY6212A90,121.204607,24.964119
YY6212A92,121.19293,24.831361
YY6212A96,121.20441,24.965222
YY6212B11,121.13898,25.009945
YY6212B14,121.030217,24.98884
YY6212B15,121.21297,24.926303
YY6212B20,121.246221,24.96037
YY6212B23,121.207264,24.984432
YY6212B34,121.263114,24.8753
YY6212B36,121.193971,25.05455
YY6212B46,121.202879,24.872791
YY6212B61,121.214347,24.921099
YY6212B69,121.197906,24.974532
YY6212B75,121.218665,25.083012
YY6212B79,121.332944,24.992846
YY6212B80,121.278672,24.995223
YY6212B81,121.223829,24.852941
YY6212B82,121.26659,24.96019
YY6212B83,121.366439,25.024426
YY6212B84,121.325796,24.9620789
YY6212B85,121.139502,24.917364
YY6212B96,121.197597,25.069938
YY6212B99,121.095705,25.034416
YY6212C03,121.283783,25.0400299
YY6212C10,121.2750705,25.0707372
YY6212C11,121.234498,25.098481
YY6212C13,121.270669,24.992264
YY6212C14,121.270173,24.991761
YY6212C15,121.380351,25.0514239
YY6212C18,121.364616,25.057011
YY6212C20,121.29098,24.951307
YY6212C21,121.293719,25.011641
YY6212C22,121.305509,24.936876
YY6212C23,121.270265,24.887968
YY6212C24,121.290286,25.051274
YY6212C26,121.155958,24.962615
YY6212C29,121.223079,24.962503
YY6212C30,121.245143,24.945239
YY6212C31,121.251593,25.024735
YY6212C34,121.249022,24.95797
YY6212C36,121.251328,24.95918
YY6212C37,121.203026,24.957389
YY6212C38,121.222856,24.940233
YY6212C39,121.165197,24.947484
YY6212C41,121.254951,24.911177
YY6212C43,121.289307,25.062004
YY6212C44,121.264458,24.903186
YY6212C45,121.254378,24.961732
YY6212C47,121.147404,24.945371
YY6212C48,121.123823,24.937223
YY6212C49,121.109843,24.970091
YY6212C50,121.264095,24.901517
YY6212C55,121.3172199,25.077812
YY6212C56,121.293933,25.026623
YY6212C60,121.268528,24.984658
YY6212C64,121.311348,24.963308
YY6212C66,121.296272,24.998821
YY6212C67,121.296793,24.998486
YY6212C82,121.2755908,25.0528609
YY6212C84,121.223727,25.052116
YY6212C85,121.115908,24.912101
YY6212C87,121.197849,24.931707
YY6212C88,121.215821,24.871335
YY6212C92,121.281852,25.0399581
YY6212C93,121.27553,24.960044
YY6212C94,121.157703,24.908393
YY6212C98,121.213412,25.024856
YY6212C99,121.21736,25.000515
YY6212D01,121.22325,24.974335
YY6212D04,121.223769,24.9561
YY6212D05,121.180778,25.064467
YY6212D08,121.207765,25.060151
YY6212D16,121.2459812,24.9552887
YY6212D17,121.2143276,24.9307347
YY6212D18,121.208583,24.944521
YY6212D19,121.1942698,24.9216892
YY6212D20,121.153078,25.052779
YY6212D21,121.249025,24.9569
YY6212D22,121.230813,24.907038
YY6212D23,121.142155,25.071637
YY6212D24,121.209385,24.964061
YY6212D25,121.155802,24.96525
YY6212D26,121.260105,25.0737209
YY6212D27,121.1288755,24.9720408
YY6212D28,121.1399322,24.9067823
YY6212D29,121.1508096,24.9074085
YY6212D30,121.2426969,25.1080136
YY6212D31,121.221193,24.923926
YY6212D32,121.126787,25.016904
YY6212E01,121.301262,24.934309
YY6212E02,121.347706,25.012662
YY6212E04,121.219198,24.856686
YY6212E05,121.308793,25.022336
YY6212E08,121.283805,25.019157
YY6212E10,121.354335,25.00116
YY6212E12,121.323561,24.975237
YY6212E14,121.262534,25.116841
YY6212E18,121.288483,24.996745
YY6212E22,121.3823198,25.0496034
YY6212E23,121.316199,24.945719
YY6212E24,121.27363,24.892135
YY6212E26,121.311115,25.0003029
YY6212E27,121.399517,25.016551
YY6212E28,121.3252557,24.9872826
YY6212E29,121.221335,24.866416
YY6212E30,121.321289,24.960586
YY6212E31,121.385377,25.048799
YY6212E32,121.221317,24.869154
YY6212E33,121.25514,24.911161
YY6212E34,121.3655129,25.0583259
YY6212E35,121.3136886,25.0023788
YY6212E36,121.3439671,25.0015046
YY6212E37,121.264204,25.063469
YY6212E38,121.2675467,24.9871939
YY6212E39,121.3003613,25.0315838
YY6212E40,121.278158,24.9948093
YY6212E41,121.2826739,25.0383295
YY6212E42,121.2890956,25.0575566
YY6212E43,121.204889,24.827161
YY6212E58,121.3009393,25.0304073
